Region,Sub region,Country,Source,2003,2004,2005,2006,2007,2008,2009,2010,2011,2012,2013,2014,2015,2016,,2003.0,2004.0,2005.0,2006.0,2007.0,2008.0,2009.0,2010.0,2011.0,2012.0,2013.0,2014.0,2015.0,2016.0
Asia,Southern Asia,Afghanistan,WPB-ICPR,,5262,,7706,10590,12500,,18283,,24613,,26519,,,,,21.8,,29.8,39.8,45.8,,63.5,,80.2,,81.0,,
Europe,Southern Europe,Albania,UN-CTS,2561,2321,2592,2857,2790,4916,4667,4657,4659,4618,4998,5689,5981,6031,,82.3,74.9,84.2,93.5,92.3,164.3,157.5,158.4,159.2,158.1,171.2,194.8,204.6,206.0
Africa,Northern Africa,Algeria,UN-CTS,39806,44231,43797,54117,55119,55598,,49000,50000,50100,60220,61000,62150,,,122.8,134.7,131.6,160.2,160.7,159.5,,135.7,135.8,133.4,157.1,156.0,155.9,
Oceania,Polynesia,American Samoa,WPB-ICPR,,258,,210,,132,,188,,192,,201,,183,,,435.3,,358.1,,231.5,,337.9,,347.6,,362.6,,329.2
Europe,Southern Europe,Andorra,UN-CTS/WPB-ICPR,61,61,,30,71,73,55,44,49,36,43,53,41,,,83.4,80.0,,37.0,85.9,87.0,65.1,52.1,58.5,43.7,53.2,66.9,52.6,
Africa,Middle Africa,Angola,WPB-ICPR,6008,,8300,,,,16183,,19898,,21634,22826,24165,,,33.0,,42.4,,,,71.8,,82.2,,83.2,84.8,86.7,
Americas,Caribbean,Anguilla,WPB-ICPR,,41,,45,,44,,58,,76,,60,46,,,,332.3,,348.8,,329.3,,421.2,,537.9,,415.0,314.8,
Americas,Caribbean,Antigua and Barbuda,WPB-ICPR,,191,194,193,,229,,295,,361,371,331,,314,,,216.4,217.4,213.7,,247.6,,311.6,,373.0,379.3,334.8,,311.0
Americas,South America,Argentina,UN-CTS,,,55423,54000,52457,54537,57403,59227,60789,62263,64288,69060,72693,76261,,,,141.6,136.5,131.2,135.1,140.7,143.7,145.9,147.9,151.1,160.7,167.4,174.0
Asia,Western Asia,Armenia,UN-CTS,2856,2710,2873,3083,3539,3965,4313,5142,4532,4756,3923,3880,3873,3833,,94.6,90.3,96.4,104.2,120.7,136.3,149.3,178.7,157.6,165.0,135.6,133.5,132.8,131.2
Americas,Caribbean,Aruba,WPB-ICPR,,,231,,277,,,,246,,240,170,,,,,,230.9,,273.7,,,,241.1,,232.6,163.8,,
Oceania,Australia and New Zealand,Australia,UN-CTS,23555,24171,,,27224,27615,29317,29700,29106,29381,30773,33789,36134,38845,,119.6,121.2,,,130.0,129.4,134.9,134.3,129.5,128.7,132.9,143.9,151.8,161.1
Europe,Western Europe,Austria,UN-CTS,,,8956,9005,9012,8248,8708,8813,8954,8805,8862,8692,,8619,,,,108.5,108.7,108.4,98.9,104.0,104.8,105.8,103.4,103.3,100.7,,99.1
Asia,Western Asia,Azerbaijan,UN-CTS,,18504,17845,18656,19559,20986,20651,21971,20546,20782,20669,22526,,23311,,,219.0,209.0,216.2,224.2,237.9,231.4,243.2,224.6,224.3,220.2,237.0,,240.0
Americas,Caribbean,Bahamas,UN-CTS/WPB-ICPR,,2829,2897,2416,1325,1321,1250,1278,1360,1433,,1396,,1727,,,877.1,879.9,719.4,387.1,378.9,352.3,354.2,371.0,385.2,,365.3,,441.9
Asia,Western Asia,Bahrain,UN-CTS/WPB-ICPR,437,701,513,522,3567,3103,,1100,,2307,4028,,,,,56.1,84.5,57.7,54.5,344.3,278.4,,88.6,,177.4,306.2,,,
Asia,Southern Asia,Bangladesh,UN-CTS/WPB-ICPR,,73154,72268,66200,,86838,,69650,,68700,72104,,69719,,,,51.8,50.4,45.5,,58.4,,45.8,,44.1,45.8,,43.2,
Americas,Caribbean,Barbados,UN-CTS/WPB-ICPR,992,,997,,1010,1046,898,910,1060,1045,908,864,954,,,364.4,,363.9,,365.7,377.2,322.5,325.5,377.8,371.1,321.4,304.9,335.7,
Europe,Eastern Europe,Belarus,UN-CTS,48593,42806,41538,45416,46787,44399,40186,39627,36652,28841,28471,29776,,,,498.9,442.4,431.7,474.3,490.6,467.0,423.6,418.3,387.1,304.5,300.4,313.9,,
Europe,Western Europe,Belgium,UN-CTS/WPB-ICPR,,9245,9375,9635,,9858,,10561,,11212,12126,11769,10994,,,,88.2,88.9,90.7,,91.5,,96.5,,101.2,108.7,104.9,97.4,
Americas,Central America,Belize,UN-CTS/WPB-ICPR,1074,1149,1380,1338,,1365,2781,2322,2288,2546,2632,2606,,1898,,399.1,416.2,487.2,460.2,,445.8,885.9,722.0,695.0,756.2,764.7,741.0,,517.1
Africa,Western Africa,Benin,WPB-ICPR,,,,5834,,6083,,6908,,,,7067,,,,,,,71.0,,69.9,,75.1,,,,68.7,,
Americas,Northern America,Bermuda,UN-CTS/WPB-ICPR,325,364,,305,,,278,,,252,,230,209,,,501.0,559.4,,468.8,,,432.3,,,398.9,,368.7,337.1,
Asia,Southern Asia,Bhutan,UN-CTS/WPB-ICPR,,,,,,,,,1001,1087,1084,1119,,,,,,,,,,,,135.2,144.4,141.7,144.1,,
Americas,South America,Bolivia (Plurinational State of),UN-CTS/WPB-ICPR,6768,6495,7310,7358,7588,7433,8087,8930,11195,14272,14004,14220,13672,16038,,76.8,72.4,80.1,79.3,80.4,77.4,82.9,90.0,111.1,139.4,134.7,134.6,127.5,147.3
Europe,Southern Europe,Bosnia and Herzegovina,UN-CTS/WPB-ICPR,,2405,,2493,,2660,,2743,2757,2928,2898,2825,2730,,,,63.6,,66.0,,70.7,,73.7,74.7,80.3,80.4,79.2,77.2,
Africa,Southern Africa,Botswana,UN-CTS/WPB-ICPR,5890,10911,9778,9788,8912,8865,8706,7005,4712,4241,3826,4131,3960,,,326.4,596.4,526.9,519.5,465.5,455.5,439.7,347.7,229.7,203.0,179.8,190.5,179.3,
Americas,South America,Brazil,UN-CTS/WPB-ICPR,284989,336358,361402,401236,422590,451219,491482,513954,534605,570318,606208,607731,698618,726712,,156.2,182.1,193.3,212.3,221.2,233.8,252.2,261.2,269.1,284.4,299.5,297.6,339.2,350.2
Americas,Caribbean,British Virgin Islands,WPB-ICPR,,,105,,,117,,117,,138,,119,,,,,,453.2,,,457.0,,429.8,,484.1,,402.2,,
Asia,South-Eastern Asia,Brunei Darussalam,UN-CTS/WPB-ICPR,457,443,492,522,486,453,,379,,485,,594,565,,,129.3,123.2,134.7,141.0,129.6,119.4,,97.5,,121.3,,144.3,135.3,
Europe,Eastern Europe,Bulgaria,UN-CTS,10066,10871,11436,11058,10271,9408,9006,9379,9885,9493,8834,7870,7408,7345,,129.0,140.4,148.8,145.0,135.7,125.3,120.8,126.7,134.4,129.9,121.6,109.0,103.2,103.0
Africa,Western Africa,Burkina Faso,UN-CTS/WPB-ICPR,,2799,3315,3108,4207,4801,,5198,5039,5035,,6827,7544,,,,21.5,24.7,22.5,29.5,32.7,,33.3,31.3,30.4,,38.8,41.7,
Africa,Eastern Africa,Burundi,UN-CTS/WPB-ICPR,7913,7526,7167,8277,8343,9927,10816,9823,10432,6369,7784,7565,9228,10127,,113.8,104.8,96.5,107.8,105.1,120.9,127.4,112.0,115.4,68.3,81.1,76.5,90.5,96.0
Africa,Western Africa,Cabo Verde,WPB-ICPR,,,,,,,1300,,,1348,1434,,,1569,,,,,,,,261.6,,,262.3,275.7,,,290.7
Asia,South-Eastern Asia,Cambodia,WPB-ICPR,,6778,8160,10338,10337,11688,,14043,,15397,,15182,,,,,51.9,61.5,76.7,75.6,84.2,,98.1,,104.2,,99.4,,
Africa,Middle Africa,Cameroon,UN-CTS/WPB-ICPR,20000,,22734,,,,23368,23766,22812,22891,25314,25909,26702,,,121.1,,130.5,,,,120.3,119.0,111.2,108.6,116.9,116.5,116.9,
Americas,Northern America,Canada,UN-CTS,34153,33849,35032,37452,38419,39050,38804,39489,40229,40718,37864,40663,41145,37864,,108.0,105.9,108.5,114.7,116.4,116.9,114.8,115.6,116.5,116.7,107.4,114.2,114.5,104.4
Americas,Caribbean,Cayman Islands,WPB-ICPR,,188,,210,,203,,212,,185,,186,,,,,397.5,,419.7,,383.6,,381.9,,321.6,,314.3,,
Africa,Middle Africa,Central African Republic,WPB-ICPR,,,1000,,1233,,2145,,845,,,,764,,,,,24.2,,28.8,,48.7,,18.9,,,,16.8,
Africa,Middle Africa,Chad,WPB-ICPR,,,3416,,,,,4775,4831,,,,,,,,,33.9,,,,,40.2,39.3,,,,,
Americas,South America,Chile,UN-CTS,38086,38064,38849,42532,48090,53541,58044,60148,59261,56372,53050,49258,47772,48922,,241.1,238.3,240.6,260.6,291.6,321.3,344.9,354.0,345.5,325.7,303.8,279.7,268.9,273.2
Asia,Eastern Asia,China,UN-CTS,1546130,1562742,1558511,1565711,1566839,1589222,1623394,1646593,1656773,1641931,1680000,1649804,1604394,1561086,,118.4,118.9,117.9,117.8,117.2,118.2,120.1,121.1,121.2,119.4,121.5,118.7,114.8,111.3
Asia,Eastern Asia,"China, Hong Kong Special Administrative Region",UN-CTS,13012,12558,11530,11640,11220,10738,10118,10159,9294,9468,9192,,,8611,,191.8,184.6,168.9,169.7,162.6,154.7,144.9,144.6,131.5,133.2,128.6,,,117.9
Asia,Eastern Asia,"China, Macao Special Administrative Region",UN-CTS/WPB-ICPR,,867,897,859,,912,930,929,1030,1112,1154,1205,1280,1271,,,183.9,185.9,174.1,,177.3,177.0,173.0,187.5,197.7,200.4,204.7,213.0,208.0
Americas,South America,Colombia,UN-CTS,62277,68020,66829,60021,63603,69979,75992,84444,100451,113884,120032,113623,120444,118532,,147.7,159.2,154.4,136.9,143.3,155.8,167.3,183.9,216.5,242.9,253.5,237.7,249.7,243.8
Africa,Eastern Africa,Comoros,WPB-ICPR,,,,,,,150,,,,206,,145,,,,,,,,,22.3,,,,27.8,,18.7,
Africa,Middle Africa,Congo,WPB-ICPR,,,1550,,1642,,2410,,1400,,1500,1240,,,,,,41.7,,41.3,,56.7,,31.0,,31.6,25.5,,
Oceania,Polynesia,Cook Islands,WPB-ICPR,,,27,,26,,,40,,34,,37,37,,,,,137.0,,133.3,,,215.7,,188.9,,210.4,212.0,
Americas,Central America,Costa Rica,UN-CTS,,9056,8818,7712,7500,8225,9431,10541,12154,13407,13647,13854,13999,13338,,,216.3,207.6,179.0,171.6,185.7,210.1,231.9,264.2,288.1,290.0,291.2,291.2,274.7
Africa,Western Africa,Côte d'Ivoire,WPB-ICPR,,,,13385,,11143,,,,7086,,,12147,,,,,,71.6,,57.1,,,,33.1,,,52.6,
Europe,Southern Europe,Croatia,UN-CTS,2805,3029,3485,3833,4290,4734,4891,5165,5084,4741,4352,3763,3341,3108,,63.9,69.1,79.6,87.7,98.3,108.8,112.7,119.3,117.9,110.3,101.7,88.4,78.9,73.8
Americas,Caribbean,Cuba,WPB-ICPR,55000,,,60000,,,,,,57337,,,,,,489.1,,,531.2,,,,,,503.7,,,,
Americas,Caribbean,Curaçao,WPB-ICPR,,,,578,,,,541,,440,,348,,,,,,,438.2,,,,366.5,,287.6,,222.3,,
Asia,Western Asia,Cyprus,UN-CTS,359,454,502,578,547,652,578,636,622,678,553,532,547,,,36.1,44.9,48.8,55.3,51.4,60.3,52.6,57.2,55.3,59.7,48.3,46.2,47.1,
Europe,Eastern Europe,Czechia,UN-CTS/WPB-ICPR,17360,18343,18937,18578,18901,20502,21853,21900,23170,22644,16645,18658,20866,22481,,169.5,179.1,184.6,180.4,182.5,196.7,208.4,207.9,219.2,213.9,157.1,176.0,196.8,211.9
Africa,Middle Africa,Democratic Republic of the Congo,WPB-ICPR,,30000,,,,,,22000,,,,,20550,,,,56.6,,,,,,34.1,,,,,27.0,
Europe,Northern Europe,Denmark,UN-CTS,3641,3767,4041,3932,3624,3451,3721,3944,3947,3829,4091,3583,3203,3408,,67.6,69.7,74.5,72.2,66.3,62.8,67.3,71.0,70.7,68.2,72.6,63.3,56.3,59.7
Africa,Eastern Africa,Djibouti,WPB-ICPR,,,,,,,525,,750,,550,,600,600,,,,,,,,62.7,,86.6,,61.3,,64.7,63.7
Americas,Caribbean,Dominica,WPB-ICPR,243,290,282,301,254,235,,295,,275,266,,219,,,346.7,412.1,399.3,425.1,358.0,330.6,,412.9,,381.7,367.4,,299.3,
Americas,Caribbean,Dominican Republic,UN-CTS/WPB-ICPR,16789,13008,12657,13752,,16718,,20743,21875,24044,24744,25203,,16750,,187.2,142.9,137.0,146.7,,173.5,,209.6,218.2,236.8,240.7,242.2,,157.4
Americas,South America,Ecuador,UN-CTS/WPB-ICPR,9866,11358,11971,12635,,12067,,11800,,21305,25494,24036,,34665,,74.2,84.1,87.2,90.5,,83.5,,79.0,,138.2,162.8,151.1,,211.6
Africa,Northern Africa,Egypt,WPB-ICPR,,,,64378,,,,,66000,,,,,106000,,,,,82.4,,,,,76.8,,,,,110.9
Americas,Central America,El Salvador,UN-CTS/WPB-ICPR,,12073,12525,14771,17867,19814,22101,24662,25367,28383,26848,28334,32645,,,,201.2,207.7,243.9,293.7,324.3,360.1,400.1,409.6,456.2,429.5,451.1,517.2,
Africa,Middle Africa,Equatorial Guinea,WPB-ICPR,,,,,,,,,,,,,500,,,,,,,,,,,,,,,42.5,
Europe,Northern Europe,Estonia,UN-CTS,4576,4565,4410,4310,3456,3656,3555,3393,3400,3286,3112,3034,2823,,,333.3,334.8,325.3,319.4,257.1,272.9,266.1,254.7,255.9,248.0,235.5,230.1,214.6,
Africa,Eastern Africa,Ethiopia,WPB-ICPR,,74413,,72211,,85664,,104467,,111050,,113727,,,,,99.7,,91.6,,103.0,,119.1,,120.1,,116.8,,
Europe,Northern Europe,Faroe Islands,UN-CTS/WPB-ICPR,13,,10,12,,12,9,8,8,8,10,11,10,8,,27.1,,20.7,24.8,,24.7,18.6,16.5,16.5,16.4,20.5,22.5,20.4,16.3
Oceania,Melanesia,Fiji,WPB-ICPR,,1083,1113,1121,,919,,1097,,1397,,1540,1555,,,,132.3,135.4,135.5,,109.0,,127.6,,159.9,,173.9,174.3,
Europe,Northern Europe,Finland,UN-CTS,3641,3704,3867,3851,3625,3530,3589,3364,3268,3306,3295,3148,3135,3156,,69.7,70.7,73.5,73.0,68.4,66.4,67.2,62.7,60.6,61.1,60.6,57.7,57.2,57.4
Europe,Western Europe,France,UN-CTS/WPB-ICPR,55382,55355,55302,58402,61076,62252,60978,60544,64787,66572,67075,66270,66678,68432,,91.5,90.9,90.3,94.8,98.6,99.9,97.3,96.1,102.3,104.6,104.9,103.2,103.4,105.8
Americas,South America,French Guiana,WPB-ICPR,,691,,630,,658,,715,,654,,701,,,,,352.4,,299.0,,295.8,,305.3,,264.3,,267.9,,
Oceania,Polynesia,French Polynesia,WPB-ICPR,291,,314,,404,,,,,426,,429,,397,,117.1,,123.2,,155.0,,,,,156.8,,155.7,,141.6
Africa,Middle Africa,Gabon,WPB-ICPR,,,,,,,,,,,,,3373,,,,,,,,,,,,,,,174.8,
Africa,Western Africa,Gambia,WPB-ICPR,,,,,,,780,,1000,,1000,1121,,,,,,,,,,47.6,,57.3,,53.8,58.5,,
Asia,Western Asia,Georgia,UN-CTS,6119,7867,9144,15464,18309,18659,21239,23684,24114,19349,9093,10372,9716,9334,,133.6,173.5,203.8,348.4,417.0,429.9,495.3,559.7,578.1,471.0,224.7,259.8,245.9,236.8
Europe,Western Europe,Germany,UN-CTS,80829,80933,80201,78063,75153,73793,72295,70827,69543,68533,66221,63228,63020,64291,,99.0,99.0,98.2,95.7,92.4,91.0,89.3,87.6,85.9,84.5,81.5,77.6,77.1,78.5
Africa,Western Africa,Ghana,WPB-ICPR,11397,11581,12371,12847,,14128,,13507,,13487,14021,14599,,14368,,55.7,55.2,57.4,58.1,,60.6,,55.1,,52.4,53.2,54.1,,50.9
Europe,Southern Europe,Gibraltar,WPB-ICPR,,19,,30,,37,,53,,63,,,,56,,,59.6,,92.9,,113.0,,159.7,,187.4,,,,162.9
Europe,Southern Europe,Greece,UN-CTS,8726,8722,9964,10370,11645,11736,11364,12349,12479,12475,12693,11798,9716,9560,,77.6,77.4,88.2,91.5,102.3,102.8,99.3,107.9,109.2,109.6,112.1,104.7,86.6,85.4
Americas,Northern America,Greenland,WPB-ICPR,,111,,115,,132,,171,,170,,131,126,,,,195.2,,201.9,,232.2,,301.9,,301.0,,232.3,223.5,
Americas,Caribbean,Grenada,UN-CTS/WPB-ICPR,,182,237,334,367,386,409,438,457,489,480,513,502,457,,,177.3,230.2,323.5,354.3,371.4,392.2,418.4,434.9,463.6,453.2,482.3,469.9,425.8
Americas,Caribbean,Guadeloupe,WPB-ICPR,695,,743,,790,,,,784,,871,,907,,,160.1,,169.0,,177.6,,,,173.7,,193.0,,201.4,
Oceania,Micronesia,Guam,WPB-ICPR,,393,,495,,559,,559,,585,,754,756,,,,248.6,,312.0,,351.5,,350.6,,365.7,,468.4,467.3,
Americas,Central America,Guatemala,UN-CTS/WPB-ICPR,8307,8698,8247,7477,,8158,,11148,,15013,16336,18425,,,,66.5,68.0,63.0,55.8,,58.2,,76.2,,98.3,104.7,115.7,,
Europe,Northern Europe,Guernsey,WPB-ICPR,,93,,117,,87,,75,,117,,,,91,,,,,,,,,,,,,,,
Africa,Western Africa,Guinea,UN-CTS/WPB-ICPR,,,,,2539,2780,,3800,,2600,,3110,,2900,,,,,,25.1,26.9,,35.2,,23.0,,26.3,,23.3
Africa,Western Africa,Guinea-Bissau,WPB-ICPR,,,,,,,,,,,92,,,196,,,,,,,,,,,,5.5,,,10.8
Americas,South America,Guyana,UN-CTS,,1280,1461,1861,2171,2117,2179,2160,2035,2032,1998,,1998,,,,170.3,194.6,248.3,290.3,283.7,292.2,289.3,271.7,269.8,263.6,,260.0,
Americas,Caribbean,Haiti,WPB-ICPR,3519,1941,3670,4663,6370,8204,,5331,,8722,9936,10461,11046,,,39.2,21.3,39.6,49.6,66.7,84.5,,53.3,,84.8,95.2,98.9,103.1,
Europe,Southern Europe,Holy See,UN-CTS,,,,,,,0,0,0,1,0,0,1,,,,,,,,,0.0,0.0,0.0,124.4,0.0,0.0,124.5,
Americas,Central America,Honduras,UN-CTS/WPB-ICPR,,10931,11589,11178,,11390,,11770,12006,12095,13184,14882,16158,17494,,,151.7,157.2,148.2,,144.7,,143.6,143.8,142.2,152.3,168.9,180.3,192.0
Europe,Eastern Europe,Hungary,UN-CTS,16860,16546,15755,14822,14353,14743,15432,16328,17210,17179,17841,17890,17449,17658,,166.2,163.6,156.2,147.4,143.2,147.6,155.0,164.5,173.9,174.1,181.3,182.3,178.3,181.1
Europe,Northern Europe,Iceland,UN-CTS,109,115,119,119,115,140,148,167,150,153,152,154,,124,,37.9,39.5,40.3,39.7,37.7,45.0,46.8,52.1,46.4,47.0,46.5,46.9,,37.3
Asia,Southern Asia,India,UN-CTS/WPB-ICPR,313635,331391,358368,373271,376396,384753,376969,368998,372926,385135,411992,418536,419623,,,28.3,29.4,31.3,32.1,31.9,32.1,31.0,30.0,29.9,30.5,32.2,32.3,32.1,
Asia,South-Eastern Asia,Indonesia,UN-CTS/WPB-ICPR,84357,87185,97691,116688,,137144,,117863,,156446,160061,159964,173572,202621,,38.2,39.0,43.1,50.8,,58.1,,48.6,,62.9,63.5,62.7,67.2,77.6
Asia,Southern Asia,Iran (Islamic Republic of),WPB-ICPR,157267,,134384,,148843,,168516,,250000,,226220,225624,,,,228.5,,190.8,,206.6,,228.7,,331.2,,292.1,287.7,,
Asia,Western Asia,Iraq (Central Iraq),UN-CTS,,,,,,16767,20104,24965,26369,31187,30499,,,,,,,,,,67.5,78.7,94.9,97.1,111.1,105.0,,,
Europe,Northern Europe,Ireland,UN-CTS,3234,3162,3022,3080,3253,3484,3868,4318,4216,4287,4088,3777,3755,3716,,79.9,76.6,71.7,71.6,74.0,77.6,84.7,93.3,90.4,91.6,87.3,80.6,79.9,78.4
Europe,Northern Europe,Isle of Man,WPB-ICPR,,51,,76,,107,,97,,81,,,,76,,,67.7,,98.8,,136.2,,121.1,,99.5,,,,90.8
Asia,Western Asia,Israel,UN-CTS,12228,13909,16055,20617,21949,21905,,20191,18967,20291,18610,20781,,,,192.6,215.0,243.1,305.2,317.1,308.6,,271.9,250.6,263.6,237.9,261.7,,
Europe,Southern Europe,Italy,UN-CTS,54993,56903,60415,39794,49697,59284,65598,69263,68325,67102,63848,54745,53410,,,94.6,97.3,102.7,67.4,83.8,99.6,110.0,116.0,114.3,112.3,107.0,91.9,89.8,
Americas,Caribbean,Jamaica,UN-CTS/WPB-ICPR,4744,,4825,4913,4709,,5163,,4457,4364,4112,4034,3854,3799,,174.9,,175.8,178.0,169.7,,184.1,,157.5,153.6,144.2,140.9,134.2,131.9
Asia,Eastern Asia,Japan,UN-CTS,73734,76413,79055,81255,79809,76881,75250,72975,69876,67008,62971,60486,58497,55967,,57.6,59.6,61.6,63.3,62.1,59.8,58.5,56.8,54.4,52.2,49.1,47.2,45.7,43.8
Europe,Northern Europe,Jersey,WPB-ICPR,,170,,174,,181,,177,,157,,,,140,,,,,,,,,,,,,,,
Asia,Western Asia,Jordan,UN-CTS/WPB-ICPR,,,6378,6166,6633,7077,7206,8434,6262,7714,8000,10089,11489,,,,,111.6,103.9,107.1,109.0,105.6,117.4,82.7,96.5,95.1,114.5,125.4,
Asia,Central Asia,Kazakhstan,UN-CTS,,,52203,51544,,48270,50495,55140,49401,45335,42052,43220,42114,,,,,335.9,328.5,,301.7,312.0,336.2,296.7,267.9,244.4,247.1,237.3,
Africa,Eastern Africa,Kenya,UN-CTS/WPB-ICPR,,55000,50000,,,49092,48122,48153,51068,44522,53430,53537,54225,48500,,,156.8,138.7,,,125.4,119.6,116.5,120.2,102.0,119.2,116.3,114.8,100.0
Oceania,Micronesia,Kiribati,WPB-ICPR,,81,74,84,88,84,,90,,106,,120,146,129,,,89.5,80.2,89.1,91.4,85.3,,87.7,,99.4,,108.6,129.9,112.7
Europe,Southern Europe,Kosovo under UNSCR 1244,UN-CTS/WPB-ICPR,1182,1189,1199,1252,,,1325,1333,1441,1737,1776,1854,1478,1648,,69.4,69.8,70.3,72.8,,,75.2,75.1,80.5,96.2,97.4,101.8,82.0,90.7
Asia,Western Asia,Kuwait,WPB-ICPR,3700,,3500,,,,4045,4179,4100,,2900,3200,4000,5400,,170.6,,153.7,,,,143.5,139.4,128.5,,80.6,84.6,101.6,134.7
Asia,Central Asia,Kyrgyzstan,UN-CTS/WPB-ICPR,16934,16620,15758,15127,14408,9607,,9923,,9828,9997,9581,10147,10328,,337.9,329.9,310.5,295.1,277.6,182.6,,183.0,,175.7,175.9,165.9,173.0,173.5
Asia,South-Eastern Asia,Lao People's Democratic Republic,WPB-ICPR,,,,,,,,,,,,,8201,,,,,,,,,,,,,,,123.1,
Europe,Northern Europe,Latvia,UN-CTS,8305,8231,7646,6965,6548,6548,7055,6780,6561,6117,5136,4745,4409,,,360.2,361.2,339.5,313.0,297.8,301.5,328.9,320.0,313.5,296.0,251.7,235.4,221.3,
Asia,Western Asia,Lebanon,UN-CTS/WPB-ICPR,6382,5990,6921,6101,5870,4686,4901,5060,5169,5060,5393,6012,6320,,,172.4,155.1,173.6,150.4,143.6,114.0,117.2,116.7,112.7,102.9,102.2,107.3,108.0,
Africa,Southern Africa,Lesotho,UN-CTS/WPB-ICPR,,,2712,,2852,2594,2555,2498,,2564,,2073,,,,,,139.1,,143.9,129.7,126.5,122.4,,122.7,,96.6,,
Africa,Western Africa,Liberia,WPB-ICPR,,,,,1022,,1420,,1601,,1827,,2104,,,,,,,29.1,,37.3,,39.3,,42.6,,46.8,
Africa,Northern Africa,Libya,WPB-ICPR,,9763,,,13217,,,13242,,3186,5328,6187,,,,,171.1,,,221.4,,,214.6,,51.4,86.0,99.7,,
Europe,Western Europe,Liechtenstein,UN-CTS,,,130,98,26,78,149,76,71,60,68,53,53,72,,,,373.0,279.2,73.6,219.5,416.6,211.1,195.8,164.2,184.6,142.8,141.7,191.2
Europe,Northern Europe,Lithuania,UN-CTS,8063,8125,8137,8079,7866,8000,8655,9139,9920,9729,9261,8636,7355,6815,,236.2,240.3,243.3,244.5,241.3,248.9,273.1,292.6,322.1,320.3,309.0,291.6,250.9,233.7
Europe,Western Europe,Luxembourg,UN-CTS/WPB-ICPR,,602,693,735,741,762,702,681,637,666,656,626,691,724,,,133.2,151.4,157.9,156.1,157.1,141.5,134.1,122.5,125.1,120.4,112.5,121.9,126.1
Africa,Eastern Africa,Madagascar,UN-CTS/WPB-ICPR,19000,19971,20294,17495,,16555,,18355,18578,19150,19804,20353,20595,,,110.0,112.2,110.7,92.7,,82.8,,86.8,85.4,85.7,86.3,86.3,85.0,
Africa,Eastern Africa,Malawi,WPB-ICPR,8566,9220,9656,11000,10830,11000,,11672,,12236,,12156,12129,,,69.4,72.7,74.1,81.9,78.2,77.1,,77.0,,76.0,,71.2,69.0,
Asia,South-Eastern Asia,Malaysia,WPB-ICPR,,43424,35644,42389,50305,39440,,38387,,36608,39144,47986,,51602,,,172.5,138.9,162.1,188.9,145.5,,136.5,,125.5,131.8,158.7,,165.6
Asia,Southern Asia,Maldives,WPB-ICPR,,1110,,1489,,993,,830,,994,,1200,1513,,,,357.6,,454.8,,287.8,,227.7,,257.4,,293.9,361.6,
Africa,Western Africa,Mali,WPB-ICPR,,4407,,,,,6700,,5817,,4963,5209,,,,,35.6,,,,,45.9,,37.4,,30.1,30.7,,
Europe,Southern Europe,Malta,UN-CTS,278,298,294,375,528,662,494,584,584,585,615,581,565,,,68.9,73.6,72.3,91.8,128.7,160.6,119.3,140.3,139.6,139.0,145.3,136.5,132.1,
Oceania,Micronesia,Marshall Islands,WPB-ICPR,20,,,47,,,50,,41,,36,35,,,,38.4,,,90.2,,,95.6,,78.0,,68.2,66.2,,
Americas,Caribbean,Martinique,WPB-ICPR,643,,631,,763,,920,,885,,918,,940,,,163.0,,158.9,,191.9,,232.2,,225.1,,236.0,,243.6,
Africa,Western Africa,Mauritania,WPB-ICPR,1185,,815,,,,,1700,,1602,,1768,,,,40.1,,26.0,,,,,47.1,,41.8,,43.5,,
Africa,Eastern Africa,Mauritius,UN-CTS/WPB-ICPR,2605,2572,2547,2238,2272,2200,2384,2449,2706,2760,2663,2233,,2237,,215.5,211.6,208.4,182.2,184.1,177.5,191.6,196.2,216.3,220.2,212.1,177.6,,177.2
Africa,Eastern Africa,Mayotte,WPB-ICPR,163,,107,,155,,216,,211,,188,,177,,,97.8,,60.1,,81.5,,106.7,,98.2,,82.7,,73.7,
Americas,Central America,Mexico,UN-CTS,185606,196577,208272,211308,214682,,186614,188013,213758,207278,218373,228021,221439,190175,,175.7,183.7,192.0,191.9,192.0,,161.6,160.3,179.5,171.5,178.2,183.6,175.9,149.2
Oceania,Micronesia,Micronesia (Federated States of),WPB-ICPR,,86,,103,,,76,,95,,107,132,,,,,80.7,,97.5,,,73.1,,91.8,,103.2,126.9,,
Europe,Western Europe,Monaco,UN-CTS,28,34,31,37,36,34,23,12,32,33,29,,34,31,,85.0,102.1,91.7,107.5,102.5,94.8,63.0,32.4,85.3,87.3,76.4,,88.8,80.5
Asia,Eastern Asia,Mongolia,UN-CTS,,8124,8906,6740,7923,8098,6532,7421,8011,8145,8068,7690,5471,5692,,,325.4,352.5,263.5,305.7,308.1,244.8,273.6,290.1,289.4,281.2,263.0,183.8,188.3
Europe,Southern Europe,Montenegro,UN-CTS,741,799,894,851,957,1216,1499,1457,1328,1331,1064,1123,1131,1123,,120.7,129.9,145.0,137.7,154.5,195.7,240.7,233.4,212.3,212.5,169.7,178.9,180.0,178.7
Africa,Northern Africa,Morocco,UN-CTS/WPB-ICPR,54542,59069,50933,53580,54660,59212,57563,64877,,70675,72005,74941,74039,,,182.8,195.7,166.9,173.6,175.0,187.4,179.9,200.2,,212.0,212.9,218.4,212.7,
Africa,Eastern Africa,Mozambique,UN-CTS/WPB-ICPR,,15359,17769,18013,17858,27889,35235,15249,16304,,15663,15430,15976,,,,75.6,84.9,83.6,80.5,122.1,149.8,63.0,65.4,,59.3,56.7,57.0,
Asia,South-Eastern Asia,Myanmar,WPB-ICPR,,60000,,,65063,,60053,,66000,,60000,,,79668,,,124.8,,,132.3,,120.6,,130.6,,116.6,,,150.6
Africa,Southern Africa,Namibia,WPB-ICPR,,4442,,,4064,,,4251,,,4010,,3560,,,,221.1,,,195.4,,,195.6,,,173.1,,146.8,
Oceania,Micronesia,Nauru,WPB-ICPR,,,3,,,,37,,,26,,14,,,,,,29.7,,,,372.0,,,248.1,,126.5,,
Asia,Southern Asia,Nepal,WPB-ICPR,,6393,,5580,,8401,,10739,,14936,,16813,,,,,25.3,,21.5,,31.7,,39.7,,54.0,,59.4,,
Europe,Western Europe,Netherlands,UN-CTS,16184,18766,17560,16091,15151,14610,14364,14368,13969,13473,12721,11934,10850,,,99.9,115.2,107.3,97.9,91.8,88.2,86.4,86.1,83.5,80.2,75.5,70.7,64.1,
Oceania,Melanesia,New Caledonia,WPB-ICPR,315,,251,,326,,,,438,,402,,448,,,140.0,,107.9,,135.8,,,,172.0,,153.5,,166.5,
Oceania,Australia and New Zealand,New Zealand,UN-CTS/WPB-ICPR,,6556,7430,7588,7534,7860,8546,8435,8467,8223,8223,8641,9121,9938,,,160.7,179.7,181.3,178.0,183.7,197.7,193.0,191.6,184.1,182.0,189.2,197.7,213.3
Americas,Central America,Nicaragua,UN-CTS/WPB-ICPR,,6233,5536,6029,6663,5925,5807,6789,,9800,,10569,,,,,117.4,102.9,110.6,120.7,105.9,102.5,118.3,,166.7,,175.7,,
Africa,Western Africa,Niger,WPB-ICPR,,,7432,7381,,6664,,5337,,6899,,,8525,,,,,54.6,52.2,,43.8,,32.5,,38.9,,,42.8,
Africa,Western Africa,Nigeria,UN-CTS/WPB-ICPR,,38999,39006,40953,39438,41130,42685,47072,48658,51560,55173,56620,,63142,,,28.8,28.1,28.7,26.9,27.4,27.6,29.7,29.9,30.8,32.1,32.1,,33.9
Oceania,Micronesia,Northern Mariana Islands,WPB-ICPR,,150,,126,,124,,,162,,,175,,,,,228.4,,204.3,,215.9,,,301.2,,,321.3,,
Europe,Northern Europe,Norway,UN-CTS,2822,2899,3170,3387,3446,3477,3340,3564,3866,4052,3869,4103,4103,,,61.7,63.0,68.4,72.5,73.0,72.9,69.2,72.9,78.1,80.8,76.2,79.8,78.9,
Asia,Western Asia,Oman,WPB-ICPR,,,,,,,,,,,1300,,,,,,,,,,,,,,,35.0,,,
Asia,Southern Asia,Pakistan,WPB-ICPR,,88659,89370,86500,90000,,81409,75586,78100,74944,,79700,80169,,,,58.8,58.1,55.1,56.1,,48.7,44.3,44.8,42.1,,43.0,42.3,
Oceania,Micronesia,Palau,WPB-ICPR,103,,97,,111,,132,,92,,103,72,72,,,522.8,,487.3,,551.8,,648.9,,446.6,,492.4,341.3,338.2,
Americas,Central America,Panama,UN-CTS,,12015,12262,12189,12065,10217,10878,12542,13207,14481,14467,14876,17811,,,,367.5,368.2,359.4,349.3,290.6,303.9,344.3,356.2,383.8,376.9,381.0,448.7,
Oceania,Melanesia,Papua New Guinea,WPB-ICPR,,,4056,,,4574,,4268,,3467,,4580,4864,,,,,64.2,,,67.4,,60.0,,46.7,,59.1,61.4,
Americas,South America,Paraguay,UN-CTS,,,6281,6006,5827,5824,6631,6197,7161,8194,9233,10847,12896,13345,,,,108.4,102.1,97.7,96.3,108.2,99.8,113.8,128.4,142.8,165.5,194.2,198.5
Americas,South America,Peru,UN-CTS,28836,31311,33010,35835,39684,43286,44406,45464,49206,61390,67597,71961,77242,82023,,107.0,114.8,119.6,128.2,140.3,151.1,153.1,154.8,165.3,203.6,221.2,232.3,246.2,258.2
Asia,South-Eastern Asia,Philippines,UN-CTS,,83501,,91200,,94961,,95390,100590,106623,110747,119600,135741,,,,98.6,,103.9,,104.6,,101.8,105.6,110.1,112.5,119.5,133.5,
Europe,Eastern Europe,Poland,UN-CTS,79281,80368,84875,90529,89648,84978,85749,82372,82832,85459,80165,78358,71772,71528,,206.3,209.3,221.2,236.1,233.9,221.7,223.7,214.9,216.2,223.0,209.3,204.6,187.6,187.2
Europe,Southern Europe,Portugal,UN-CTS,13835,13152,12889,12636,11587,10807,11287,11839,12955,13875,14535,14198,14373,13917,,131.9,124.9,122.0,119.2,109.0,101.5,105.9,111.1,121.9,131.1,138.1,135.6,138.0,134.1
Americas,Caribbean,Puerto Rico,UN-CTS/WPB-ICPR,,14380,14263,13788,,12130,11258,10894,11470,12244,12246,12246,11364,10727,,,380.8,378.8,367.2,,324.7,302.1,293.1,309.4,331.1,332.0,332.7,309.3,292.4
Asia,Western Asia,Qatar,UN-CTS/WPB-ICPR,569,564,522,805,449,551,,,1150,,1150,,,,,82.6,74.3,60.4,79.7,37.7,39.7,,,58.9,,51.1,,,
Asia,Eastern Asia,Republic of Korea,UN-CTS,57336,54796,47311,45651,45647,47966,48228,45681,45038,46708,48824,51761,54667,57675,,118.8,113.0,97.1,93.4,93.0,97.5,97.7,92.2,90.5,93.5,97.3,102.7,108.1,113.6
Europe,Eastern Europe,Republic of Moldova,UN-CTS,,9377,8876,9042,7895,6830,6535,6324,6480,6583,6853,7317,,,,,225.1,213.5,218.2,191.2,166.1,159.5,154.8,158.9,161.6,168.3,179.8,,
Africa,Eastern Africa,Réunion,WPB-ICPR,1071,,1040,,1307,,,,1078,,1128,,1046,,,138.8,,131.4,,161.6,,,,128.7,,132.6,,121.2,
Europe,Eastern Europe,Romania,UN-CTS,42815,39031,36700,34038,29390,26212,26716,28244,30694,31817,33434,30156,28334,27455,,197.0,180.8,171.2,160.2,139.7,125.9,129.6,138.2,151.3,157.7,166.6,151.0,142.5,138.8
Europe,Eastern Europe,Russian Federation,UN-CTS,,762762,823396,871360,883168,887501,863899,818037,755648,701909,677287,671649,646085,630155,,,529.5,573.3,608.0,617.0,620.3,603.7,571.4,527.5,489.4,471.7,467.2,449.0,438.0
Africa,Eastern Africa,Rwanda,WPB-ICPR,,,,,,,,55000,,55618,,,54279,,,,,,,,,,536.8,,515.5,,,466.7,
Americas,Caribbean,Saint Kitts and Nevis,UN-CTS/WPB-ICPR,195,,,237,232,271,254,282,346,366,330,334,,220,,412.2,,,481.6,466.0,538.4,499.2,548.2,665.3,695.9,620.7,621.5,,401.5
Americas,Caribbean,Saint Lucia,WPB-ICPR,460,,503,,,518,,526,,568,,634,,525,,285.8,,307.2,,,306.1,,304.8,,324.9,,359.4,,294.9
Americas,Caribbean,Saint Vincent and the Grenadines,UN-CTS/WPB-ICPR,,1404,364,1085,1071,1176,1075,1039,1268,460,,412,,,,,1293.3,334.7,996.3,982.1,1077.3,984.0,950.5,1159.7,420.8,,376.7,,
Oceania,Polynesia,Samoa,WPB-ICPR,,234,,183,,,300,,427,,,,501,,,,130.9,,101.1,,,162.3,,227.5,,,,258.6,
Europe,Southern Europe,San Marino,WPB-ICPR,,,,,,,,,,,,,2,,,,,,,,,,,,,,,6.1,
Africa,Middle Africa,Sao Tome and Principe,WPB-ICPR,,,155,160,,,240,305,,217,,,178,,,,,99.6,100.4,,,140.5,174.5,,118.7,,,91.0,
Asia,Western Asia,Saudi Arabia,WPB-ICPR,,,,,,,44600,,49000,,47000,,,,,,,,,,,167.3,,173.5,,157.0,,,
Africa,Western Africa,Senegal,UN-CTS/WPB-ICPR,,,6593,6515,6612,6891,7550,7179,,8428,,8630,,9310,,,,58.6,56.4,55.7,56.5,60.2,55.6,,61.5,,59.3,,60.4
Europe,Southern Europe,Serbia,UN-CTS/WPB-ICPR,7487,7654,8078,7893,9043,9701,10975,11211,11070,10226,10031,10288,10064,10672,,80.5,82.7,87.7,86.0,99.0,106.6,121.1,124.2,123.1,114.2,112.5,115.8,113.7,121.0
Africa,Eastern Africa,Seychelles,UN-CTS/WPB-ICPR,172,147,162,174,172,297,,432,,628,,735,,,,200.2,168.0,182.5,194.1,190.5,327.5,,472.6,,680.5,,788.2,,
Africa,Western Africa,Sierra Leone,UN-CTS/WPB-ICPR,,1400,1740,1610,1978,1886,,2237,,2762,3281,3603,3488,,,,25.7,30.8,27.5,32.9,30.6,,34.6,,40.8,47.4,50.9,48.2,
Asia,South-Eastern Asia,Singapore,UN-CTS,17375,15623,14453,12761,12410,12500,13428,13604,13164,12975,13334,12794,12640,12454,,408.9,357.5,321.8,276.7,262.2,257.7,270.4,268.1,254.3,246.2,248.7,234.8,228.4,221.8
Americas,Caribbean,Sint Maarten (Dutch part),WPB-ICPR,,,,,94,,,,,180,,161,,,,,,,,289.8,,,,,512.3,,427.1,,
Europe,Eastern Europe,Slovakia,UN-CTS,8873,9422,8897,8249,7986,8166,9316,10031,10525,10850,9753,10020,9913,9995,,164.3,174.5,164.8,152.8,147.9,151.3,172.5,185.6,194.6,200.3,179.8,184.4,182.2,183.7
Europe,Southern Europe,Slovenia,UN-CTS,1070,1085,1132,1301,1336,1318,1365,1351,1273,1377,1360,1522,1399,1308,,53.8,54.5,56.7,64.9,66.4,65.1,67.1,66.1,62.0,66.8,65.8,73.5,67.4,63.0
Oceania,Melanesia,Solomon Islands,WPB-ICPR,,275,295,283,211,173,,268,,291,321,282,271,,,,60.0,62.8,58.8,42.8,34.3,,50.8,,52.8,57.0,49.0,46.1,
Africa,Southern Africa,South Africa,WPB-ICPR,180952,186739,157402,,,164297,,163312,159265,158165,156370,154648,,,,379.8,387.0,322.4,,,325.9,,316.6,304.7,298.4,290.8,283.6,,
Africa,Eastern Africa,South Sudan,WPB-ICPR,,,,,,,,,,,,,6504,,,,,,,,,,,,,,,54.7,
Europe,Southern Europe,Spain,UN-CTS,56096,59375,61054,64021,67100,73558,76079,73929,70472,68597,66765,65017,61614,59589,,131.5,137.0,138.6,143.1,147.8,159.9,163.7,158.0,150.2,146.4,143.0,139.8,132.8,128.4
Asia,Southern Asia,Sri Lanka,UN-CTS/WPB-ICPR,,20661,22114,22867,26349,28582,27151,26025,23213,23215,27000,19774,19067,,,,106.7,113.3,116.3,133.0,143.3,135.2,128.8,114.3,113.7,131.5,95.9,92.0,
Asia,Western Asia,State of Palestine,UN-CTS,4285,3812,7873,4993,4255,7596,10645,12520,12674,14810,12606,14274,9606,8155,,124.5,108.8,220.2,136.4,113.4,197.2,269.0,307.9,303.3,344.8,285.5,314.6,206.0,170.1
Africa,Northern Africa,Sudan,WPB-ICPR,12000,,,,,,19144,,20000,,19101,,,,,40.8,,,,,,56.9,,56.9,,51.8,,,
Americas,South America,Suriname,UN-CTS,,,,,,,,,,,11936,10595,10233,10116,,,,,,,,,,,,2200.0,1933.6,1849.8,1812.5
Africa,Southern Africa,Swaziland,UN-CTS/WPB-ICPR,3169,2719,2667,2648,,2546,2713,,3764,3411,3280,3616,3610,,,291.4,248.3,241.2,236.3,,219.7,229.8,,307.2,273.3,258.0,279.2,273.7,
Europe,Northern Europe,Sweden,UN-CTS,6755,7332,7377,7397,6977,7073,7286,6846,6669,6296,5723,5702,5543,5910,,75.5,81.6,81.6,81.3,76.1,76.6,78.2,72.9,70.5,66.0,59.5,58.8,56.8,60.1
Europe,Western Europe,Switzerland,UN-CTS,5223,5983,6137,5567,5278,5303,5605,5765,5626,6102,6652,6519,6498,6541,,71.6,81.4,82.8,74.4,69.8,69.4,72.4,73.6,70.9,76.0,81.8,79.2,78.1,78.0
Asia,Western Asia,Syrian Arab Republic,UN-CTS,11829,10599,,,,,,,,,,,,,,67.9,59.5,,,,,,,,,,,,
Asia,Eastern Asia,"China, Taiwan Province of China",WPB-ICPR,,56786,60122,63226,,63203,,65311,64420,66106,65288,63452,,,,,252.8,266.0,278.2,,275.7,,282.7,277.9,284.2,279.7,271.0,,
Asia,Central Asia,Tajikistan,WPB-ICPR,10000,,,10804,,7350,,9317,,,,,,,,152.0,,,154.3,,100.6,,121.9,,,,,,
Asia,South-Eastern Asia,Thailand,UN-CTS/WPB-ICPR,,167142,162293,151586,,185082,213094,210855,224492,234895,279854,317980,323473,325298,,,257.1,248.1,230.3,,278.1,318.6,313.7,332.4,346.2,410.7,464.8,471.1,472.8
Europe,Southern Europe,The former Yugoslav Republic of Macedonia,UN-CTS/WPB-ICPR,1608,1782,2132,2038,,2235,,2516,2515,2543,,3116,3427,,,78.3,86.6,103.5,98.8,,108.1,,121.5,121.4,122.6,,150.0,164.8,
Asia,South-Eastern Asia,Timor-Leste,UN-CTS/WPB-ICPR,320,,,,,179,223,,260,295,,,184,,,33.3,,,,,16.6,20.4,,23.0,25.5,,,14.8,
Africa,Western Africa,Togo,UN-CTS/WPB-ICPR,3200,,,,,,,4116,,4214,,4493,4422,,,59.4,,,,,,,63.3,,61.4,,62.2,59.6,
Oceania,Polynesia,Tonga,WPB-ICPR,,116,128,102,,106,,159,,158,,176,,,,,115.5,126.7,100.3,,102.9,,152.7,,150.5,,166.4,,
Americas,Caribbean,Trinidad and Tobago,UN-CTS,,3924,3771,3700,3599,3863,3719,3691,4287,3710,3615,3379,7447,,,,304.1,290.8,283.9,274.9,293.7,281.4,277.9,321.2,276.5,268.1,249.5,547.5,
Africa,Northern Africa,Tunisia,WPB-ICPR,,26000,,,,,26319,,21000,,25000,,23553,,,,259.5,,,,,250.1,,195.1,,227.0,,208.9,
Asia,Western Asia,Turkey,UN-CTS,63796,58016,55966,70524,90732,103435,115920,120194,128253,136638,144098,158690,177262,,,96.5,86.6,82.4,102.6,130.4,146.8,162.5,166.2,174.7,183.2,190.1,206.0,226.5,
Asia,Central Asia,Turkmenistan,UN-CTS/WPB-ICPR,15460,14015,13462,10953,,,,26500,,,30568,,,,,332.1,298.0,283.1,227.7,,,,520.9,,,569.6,,,
Oceania,Polynesia,Tuvalu,WPB-ICPR,,,7,,3,,,8,,12,,11,,,,,,69.8,,29.3,,,76.0,,111.9,,100.8,,
Africa,Eastern Africa,Uganda,UN-CTS,17952,18549,19048,19225,19247,28775,31173,31230,32021,35212,39568,42330,,,,67.4,67.3,66.7,65.1,62.9,90.9,95.1,92.1,91.2,97.0,105.4,109.0,,
Europe,Eastern Europe,Ukraine,UN-CTS/WPB-ICPR,191241,192047,170923,160725,149690,145946,147716,154027,154029,,147112,,,60771,,401.9,406.7,364.5,344.8,322.7,316.0,321.2,336.4,338.0,,326.1,,,136.7
Asia,Western Asia,United Arab Emirates,UN-CTS,,,9936,11193,,,,,,9824,9959,9826,,,,,,217.0,213.5,,,,,,110.4,110.6,108.3,,
Europe,Northern Europe,United Kingdom (England and Wales),UN-CTS,73657,74488,75121,76560,78445,81674,81836,84004,84428,84886,81884,83678,84444,83604,,139.3,140.1,140.2,141.9,144.2,148.9,148.2,150.8,150.3,150.1,143.8,145.8,145.9,143.6
Europe,Northern Europe,United Kingdom (Northern Ireland),UN-CTS,,,1330,1512,1504,1543,1525,1465,1673,1682,1796,1709,1447,1407,,,,77.0,86.7,85.4,86.7,85.0,81.2,92.2,92.2,98.2,92.9,78.1,75.5
Europe,Northern Europe,United Kingdom (Scotland),UN-CTS,6606,6776,6856,7187,7376,7827,7964,7854,8179,8057,7894,7731,7676,7552,,130.3,133.3,134.2,140.0,142.7,150.4,152.2,149.3,154.3,151.6,148.2,144.6,142.9,139.7
Africa,Eastern Africa,United Republic of Tanzania,WPB-ICPR,,43244,46416,43911,,41613,40111,,38353,33338,36552,34196,34404,,,,113.1,117.8,108.1,,96.2,89.8,,80.6,67.9,72.2,65.5,63.9,
Americas,Northern America,United States,UN-CTS,2153000,2155900,2200400,2256600,2296400,2310300,2297700,2279100,2252500,2231400,2222500,2225100,2172800,2162400,,742.3,737.0,745.6,757.7,764.0,761.5,750.7,738.4,724.2,712.1,704.4,700.3,679.2,671.1
Americas,Caribbean,United States Virgin Islands,WPB-ICPR,,576,,586,,612,,577,,577,577,,,,,,532.9,,545.3,,573.0,,543.6,,546.6,547.9,,,
Americas,South America,Uruguay,UN-CTS/WPB-ICPR,6523,6396,6211,6887,,7665,,8700,9070,9418,9448,9542,9996,,,196.1,192.4,186.8,206.8,,228.7,,257.8,267.9,277.3,277.2,279.0,291.3,
Asia,Central Asia,Uzbekistan,WPB-ICPR,48000,,,,34000,,42000,,,42000,,43900,,,,185.8,,,,124.6,,149.2,,,142.2,,143.9,,
Oceania,Melanesia,Vanuatu,WPB-ICPR,93,,138,,123,,170,187,,194,,,230,,,46.7,,65.9,,55.9,,73.7,79.1,,78.4,,,86.9,
Americas,South America,Venezuela (Bolivarian Republic of),WPB-ICPR,,19951,,19257,,24069,,40825,,45224,,51256,49664,,,,75.8,,70.7,,85.5,,140.6,,151.3,,166.7,159.4,
Asia,South-Eastern Asia,Viet Nam,WPB-ICPR,,,88414,,92153,,107668,,113018,130180,,142636,136245,,,,,104.9,,107.3,,123.0,,126.4,143.9,,154.1,145.6,
Asia,Western Asia,Yemen,UN-CTS/WPB-ICPR,16252,7319,5994,5189,5947,6574,6894,12409,10390,,14000,,,,,83.5,36.6,29.1,24.5,27.3,29.4,30.0,52.6,42.8,,54.7,,,
Africa,Eastern Africa,Zambia,WPB-ICPR,13200,,14347,,,15000,15544,16666,,17000,17021,17038,18560,25000,,115.6,,119.0,,,114.7,115.5,120.3,,115.6,112.3,109.1,115.3,150.5
Africa,Eastern Africa,Zimbabwe,UN-CTS/WPB-ICPR,21125,19888,17997,18081,16429,14029,,13361,,16900,16902,17484,18857,,,167.2,155.6,139.1,137.8,123.2,103.5,,94.9,,114.9,112.3,113.4,119.5,
